{
    "dist_thresh": 136.75128581823031,
    "max_age": 50,
    "min_hits": 5,
    "R_var": 0.11682184952310548,
    "Q_var": 66.78018541759924,
    "omega": 59.28118941051071
}